{"_timestamp":1.7422466264631848e+09,"_runtime":262.338094085,"_step":10,"best_valid_nsdr":0.2955433949828148,"_wandb":{"runtime":276},"train_loss":0.15274490416049957,"epoch":11}