{"train_loss":0.0656019685054133,"best_valid_nsdr":9.103241647992816,"_wandb":{"runtime":143403},"epoch":55,"_timestamp":1.7427885326651568e+09,"_runtime":143034.711317349,"_step":108}