{"_timestamp":1.7422441426586878e+09,"_runtime":2373.450814482,"_step":0,"train_loss":0.14076215560135888,"epoch":1,"_wandb":{"runtime":2373}}