{"_step":1,"train_loss":0.06561081788789819,"best_valid_nsdr":9.143919842583793,"_wandb":{"runtime":2905},"epoch":55,"_timestamp":1.7428320153694773e+09,"_runtime":2681.855534646}