{"train_loss":0.20803873240947723,"epoch":1,"_timestamp":1.7422455063069925e+09,"_runtime":9.632757631,"_step":0,"_wandb":{"runtime":10}}