{"best_valid_nsdr":9.52287210736956,"_wandb":{"runtime":130922},"epoch":105,"_timestamp":1.743799454665451e+09,"_runtime":130920.295334577,"_step":99,"train_loss":0.0612005156536671}