{"_timestamp":1.7452217513282096e+09,"_runtime":230525.621980802,"_step":171,"train_loss":0.05824230821956945,"best_valid_nsdr":9.844747986112322,"_wandb":{"runtime":230527},"epoch":181}