{"epoch":1,"_timestamp":1.7422446569083736e+09,"_runtime":19.027075926,"_step":0,"_wandb":{"runtime":19},"train_loss":0.20803873986005783}