{"_timestamp":1.74224518820525e+09,"_runtime":19.261989528,"_step":0,"_wandb":{"runtime":19},"train_loss":0.20803872495889664,"epoch":1}