{"best_valid_nsdr":0.22065293043851852,"_wandb":{"runtime":336},"train_loss":0.16941627115011215,"epoch":6,"_timestamp":1.7422462345595784e+09,"_runtime":318.438139031,"_step":10}